{
    "author": "Pratyush Mishra",
    "model_type": "mobilenetv2_ecg_image_classifier",
    "source_model_path": "artifacts\\ecg_training\\model.h5",
    "ood_profile": {
        "feature_names": [
            "grayscale_mean",
            "grayscale_std",
            "grayscale_p10",
            "grayscale_p90",
            "red_mean",
            "green_mean",
            "blue_mean",
            "red_std",
            "green_std",
            "blue_std",
            "edge_horizontal",
            "edge_vertical",
            "dark_pixel_ratio",
            "bright_pixel_ratio",
            "border_dark_ratio",
            "center_mean",
            "center_std",
            "channel_delta",
            "entropy"
        ],
        "feature_mean": [
            0.9726397395133972,
            0.0588529147207737,
            0.9502586126327515,
            0.9915892481803894,
            0.972790539264679,
            0.9725662469863892,
            0.9725615382194519,
            0.05839567631483078,
            0.05908399075269699,
            0.059083886444568634,
            0.016008466482162476,
            0.01460588350892067,
            0.009264812804758549,
            0.9163915514945984,
            0.010619468986988068,
            0.9586528539657593,
            0.07507368177175522,
            0.0006050518131814897,
            0.43508854508399963
        ],
        "feature_std": [
            0.09539680182933807,
            0.01147235557436943,
            0.10253635048866272,
            0.08137746155261993,
            0.09537682682275772,
            0.09540525823831558,
            0.0954083725810051,
            0.011567463167011738,
            0.011435977183282375,
            0.011415830813348293,
            0.005256247241050005,
            0.002586282091215253,
            0.08944118767976761,
            0.09589989483356476,
            0.10250315815210342,
            0.08919897675514221,
            0.01457875594496727,
            0.00016205916472245008,
            0.06878478080034256
        ],
        "score_threshold": 36.50184631347656,
        "feature_bounds": {
            "grayscale_std": {
                "min": 0.03623628780245781,
                "max": 0.1874944758415222
            },
            "edge_horizontal": {
                "min": 0.006525197394192219,
                "max": 0.06197985398769379
            },
            "edge_vertical": {
                "min": 0.010284331023693085,
                "max": 0.03969057041406632
            },
            "entropy": {
                "min": 0.23798986673355102,
                "max": 0.941447126865387
            },
            "channel_delta": {
                "min": 0.0004159964737482369,
                "max": 0.004107268664985895
            }
        }
    }
}