{
    "author": "Pratyush Mishra",
    "model_type": "mobilenetv2_ecg_image_classifier",
    "source_model_path": "artifacts\\ecg_training\\model.h5",
    "ood_profile": {
        "feature_names": [
            "grayscale_mean",
            "grayscale_std",
            "grayscale_p10",
            "grayscale_p90",
            "red_mean",
            "green_mean",
            "blue_mean",
            "red_std",
            "green_std",
            "blue_std",
            "edge_horizontal",
            "edge_vertical",
            "dark_pixel_ratio",
            "bright_pixel_ratio",
            "border_dark_ratio",
            "center_mean",
            "center_std",
            "channel_delta",
            "entropy"
        ],
        "feature_mean": [
            0.9714053869247437,
            0.060323990881443024,
            0.9433770179748535,
            0.9913314580917358,
            0.9715626239776611,
            0.9713287949562073,
            0.9713242650032043,
            0.059858620166778564,
            0.060559019446372986,
            0.0605592243373394,
            0.017115943133831024,
            0.014836389571428299,
            0.009661865420639515,
            0.9128640294075012,
            0.011111111380159855,
            0.9569650292396545,
            0.07675512135028839,
            0.0006324677960947156,
            0.44949549436569214
        ],
        "feature_std": [
            0.09732764214277267,
            0.012028594501316547,
            0.10484004020690918,
            0.08205312490463257,
            0.09730584174394608,
            0.09733796864748001,
            0.09733899682760239,
            0.012125263921916485,
            0.011990698985755444,
            0.011972319334745407,
            0.005741958972066641,
            0.002678405260667205,
            0.0911712571978569,
            0.09789124876260757,
            0.10482218861579895,
            0.09098052233457565,
            0.015138048678636551,
            0.00018014821398537606,
            0.07436347752809525
        ],
        "score_threshold": 35.44673604965209,
        "feature_bounds": {
            "grayscale_std": {
                "min": 0.03623628780245781,
                "max": 0.1874944758415222
            },
            "edge_horizontal": {
                "min": 0.006525197394192219,
                "max": 0.06197985398769379
            },
            "edge_vertical": {
                "min": 0.010284331023693085,
                "max": 0.03969057041406632
            },
            "entropy": {
                "min": 0.23798986673355102,
                "max": 0.941447126865387
            },
            "channel_delta": {
                "min": 0.0004159964737482369,
                "max": 0.004107268664985895
            }
        }
    }
}