{
    "loss": 0.48961299657821655,
    "accuracy": 0.8089887640449438,
    "precision_macro": 0.7999164578111947,
    "recall_macro": 0.7918258212375858,
    "f1_macro": 0.7728040757234226,
    "confusion_matrix": [
        [
            40,
            4,
            0
        ],
        [
            2,
            14,
            1
        ],
        [
            0,
            10,
            18
        ]
    ],
    "per_class": {
        "Abnormal heartbeat": {
            "precision": 0.9523809523809523,
            "recall": 0.9090909090909091,
            "f1": 0.9302325581395349,
            "support": 44
        },
        "History of MI": {
            "precision": 0.5,
            "recall": 0.8235294117647058,
            "f1": 0.6222222222222222,
            "support": 17
        },
        "Normal Person": {
            "precision": 0.9473684210526315,
            "recall": 0.6428571428571429,
            "f1": 0.7659574468085106,
            "support": 28
        }
    },
    "validation_samples": 89,
    "duplicate_summary": {
        "Abnormal heartbeat": {
            "total_images": 241,
            "unique_images": 220,
            "duplicates_removed": 21,
            "training_images": 176,
            "training_unique_images": 176,
            "validation_unique_images": 44
        },
        "History of MI": {
            "total_images": 171,
            "unique_images": 87,
            "duplicates_removed": 84,
            "training_images": 70,
            "training_unique_images": 70,
            "validation_unique_images": 17
        },
        "Normal Person": {
            "total_images": 295,
            "unique_images": 142,
            "duplicates_removed": 153,
            "training_images": 114,
            "training_unique_images": 114,
            "validation_unique_images": 28
        }
    },
    "class_names": [
        "Abnormal heartbeat",
        "History of MI",
        "Normal Person"
    ]
}