{
    "loss": 0.4825614392757416,
    "accuracy": 0.7865168539325843,
    "precision_macro": 0.7281842818428185,
    "recall_macro": 0.7338298955946015,
    "f1_macro": 0.7301844875881387,
    "confusion_matrix": [
        [
            39,
            3,
            2
        ],
        [
            2,
            9,
            6
        ],
        [
            0,
            6,
            22
        ]
    ],
    "per_class": {
        "Abnormal heartbeat": {
            "precision": 0.9512195121951219,
            "recall": 0.8863636363636364,
            "f1": 0.9176470588235294,
            "support": 44
        },
        "History of MI": {
            "precision": 0.5,
            "recall": 0.5294117647058824,
            "f1": 0.5142857142857143,
            "support": 17
        },
        "Normal Person": {
            "precision": 0.7333333333333333,
            "recall": 0.7857142857142857,
            "f1": 0.7586206896551724,
            "support": 28
        }
    },
    "validation_samples": 89,
    "duplicate_summary": {
        "Abnormal heartbeat": {
            "total_images": 241,
            "unique_images": 220,
            "duplicates_removed": 21,
            "training_unique_images": 176,
            "validation_unique_images": 44
        },
        "History of MI": {
            "total_images": 171,
            "unique_images": 87,
            "duplicates_removed": 84,
            "training_unique_images": 70,
            "validation_unique_images": 17
        },
        "Normal Person": {
            "total_images": 295,
            "unique_images": 142,
            "duplicates_removed": 153,
            "training_unique_images": 114,
            "validation_unique_images": 28
        }
    },
    "class_names": [
        "Abnormal heartbeat",
        "History of MI",
        "Normal Person"
    ]
}