{
    "loss": 0.4368836581707001,
    "accuracy": 0.797752808988764,
    "precision_macro": 0.7739774557165862,
    "recall_macro": 0.7635599694423224,
    "f1_macro": 0.7493443754313319,
    "confusion_matrix": [
        [
            42,
            2,
            0
        ],
        [
            2,
            13,
            2
        ],
        [
            2,
            10,
            16
        ]
    ],
    "per_class": {
        "Abnormal heartbeat": {
            "precision": 0.9130434782608695,
            "recall": 0.9545454545454546,
            "f1": 0.9333333333333332,
            "support": 44
        },
        "History of MI": {
            "precision": 0.52,
            "recall": 0.7647058823529411,
            "f1": 0.6190476190476191,
            "support": 17
        },
        "Normal Person": {
            "precision": 0.8888888888888888,
            "recall": 0.5714285714285714,
            "f1": 0.6956521739130435,
            "support": 28
        }
    },
    "validation_samples": 89,
    "duplicate_summary": {
        "Abnormal heartbeat": {
            "total_images": 241,
            "unique_images": 220,
            "duplicates_removed": 21,
            "training_images": 176,
            "training_unique_images": 176,
            "validation_unique_images": 44
        },
        "History of MI": {
            "total_images": 171,
            "unique_images": 87,
            "duplicates_removed": 84,
            "training_images": 70,
            "training_unique_images": 70,
            "validation_unique_images": 17
        },
        "Normal Person": {
            "total_images": 295,
            "unique_images": 142,
            "duplicates_removed": 153,
            "training_images": 114,
            "training_unique_images": 114,
            "validation_unique_images": 28
        }
    },
    "class_names": [
        "Abnormal heartbeat",
        "History of MI",
        "Normal Person"
    ]
}