{
    "loss": 0.8280138373374939,
    "accuracy": 0.86,
    "precision_macro": 0.8055555555555556,
    "recall_macro": 0.9102564102564102,
    "f1_macro": 0.8300145701796989,
    "roc_auc": 0.986013986013986,
    "confusion_matrix": [
        [
            32,
            7
        ],
        [
            0,
            11
        ]
    ],
    "per_class": {
        "adenocarcinoma": {
            "precision": 1.0,
            "recall": 0.8205128205128205,
            "f1": 0.9014084507042254,
            "support": 39
        },
        "normal": {
            "precision": 0.6111111111111112,
            "recall": 1.0,
            "f1": 0.7586206896551725,
            "support": 11
        }
    },
    "validation_samples": 50,
    "duplicate_summary": {
        "adenocarcinoma": {
            "total_images": 195,
            "unique_images": 194,
            "duplicates_removed": 1,
            "training_unique_images": 155,
            "validation_unique_images": 39
        },
        "normal": {
            "total_images": 148,
            "unique_images": 55,
            "duplicates_removed": 93,
            "training_unique_images": 44,
            "validation_unique_images": 11
        }
    }
}